{
  "1": [],
  "100": [],
  "200": [
    {
      "enemy_configs": [
        {
          "enemy_type": "Goblin",
          "max_level": 5,
          "min_level": 1,
          "weight": 1.0
        },
        {
          "enemy_type": "Wolf",
          "max_level": 5,
          "min_level": 1,
          "weight": 3.0
        }
      ],
      "id": "spawn_area_72030896616557",
      "max_population": 10,
      "min_spawn_distance": 2.0,
      "polygon": [
        [
          -72.1672897338867,
          0.0
        ],
        [
          -54.0172843933105,
          2.97734928131104
        ],
        [
          -37.5911483764648,
          13.9937009811401
        ],
        [
          -30.5487442016602,
          35.9942283630371
        ],
        [
          -42.1672897338867,
          50.0
        ],
        [
          -56.5820503234863,
          47.2521705627441
        ],
        [
          -68.3406944274902,
          43.0211715698242
        ],
        [
          -74.9157886505127,
          31.083667755127
        ],
        [
          -80.5675926208496,
          16.8211479187012
        ]
      ],
      "respawn_time_secs": 30.0
    }
  ]
}